pl_name,hostname,hostname_canon,discoverymethod,discoverymethod_canon,disc_year,disc_year_int,disc_year_bad,disc_era,pl_orbper,pl_rade,pl_bmasse,pl_eqt,sy_dist,ra,dec
HD 168746 b,HD 168746,hd 168746,Radial Velocity,radial velocity,2002,2002,false,2000s,6.404,11.1,85.8141,900.0,41.5681,275.4573269,-11.9229757
CoRoT-3 b,CoRoT-3,corot-3,Transit,transit,2008,2008,false,2000s,4.2568,11.32,6883.91,1695.0,768.771,292.0552827,0.1218359
HD 205739 b,HD 205739,hd 205739,Radial Velocity,radial velocity,2008,2008,false,2000s,279.8,13.6,435.41,,92.5087,324.5351273,-31.7378373
HD 224693 b,HD 224693,hd 224693,Radial Velocity,radial velocity,2006,2006,false,2000s,26.6904,14.0,222.481,,93.5015,359.9749837,-22.4279999
HD 12661 b,HD 12661,hd 12661,Radial Velocity,radial velocity,2000,2000,false,2000s,262.70862,13.3,772.3269,,37.8478,31.1423525,25.4135632
2MASS J12073346-3932539 b,2MASS J12073346-3932539,2mass j12073346-3932539,Imaging,imaging,2004,2004,false,2000s,,12.9,1589.15,1250.0,64.308,181.8890906,-39.5484399
HD 16417 b,HD 16417,hd 16417,Radial Velocity,radial velocity,2008,2008,false,2000s,17.24,5.0,22.1,,25.3936,39.2441029,-34.5790905
HD 19994 b,HD 19994,hd 19994,Radial Velocity,radial velocity,2003,2003,false,2000s,466.2,13.6,435.41,,22.5242,48.1943193,-1.1963955
GJ 179 b,GJ 179,gj 179,Radial Velocity,radial velocity,2009,2009,false,2000s,2288.0,13.8,301.93698665,,12.356,73.0245495,6.4752347
GJ 832 b,GJ 832,gj 832,Radial Velocity,radial velocity,2008,2008,false,2000s,3853.0,13.8,314.65012293,,4.96435,323.3912616,-49.0125169
HD 37605 b,HD 37605,hd 37605,Radial Velocity,radial velocity,2004,2004,false,2000s,55.01292,13.2,854.9627,,46.7864,85.0074276,6.0595116
HD 33283 b,HD 33283,hd 33283,Radial Velocity,radial velocity,2006,2006,false,2000s,18.1991,12.5,104.56607,,89.8623,77.0044889,-26.7976689
HD 9446 b,HD 9446,hd 9446,Radial Velocity,radial velocity,2009,2009,false,2000s,30.052,14.0,222.472,,50.3503,23.3350424,29.2649187
HD 134987 c,HD 134987,hd 134987,Radial Velocity,radial velocity,2009,2009,false,2000s,5000.0,13.9,260.0,,26.1804,228.3675397,-25.3096721
HD 110014 b,HD 110014,hd 110014,Radial Velocity,radial velocity,2009,2009,false,2000s,835.477,12.4,3524.59,,100.758,189.8111935,-7.9956702
HD 45652 b,HD 45652,hd 45652,Radial Velocity,radial velocity,2008,2008,false,2000s,44.073,14.3,137.62039,,34.8541,97.3058709,10.9336212
HIP 79431 b,HIP 79431,hip 79431,Radial Velocity,radial velocity,2009,2009,false,2000s,111.7,13.4,667.415,,14.5324,243.1742467,-18.8764247
HD 47186 c,HD 47186,hd 47186,Radial Velocity,radial velocity,2008,2008,false,2000s,1353.6,13.0,111.42,,37.4574,99.0367212,-27.6234285
HD 114783 b,HD 114783,hd 114783,Radial Velocity,radial velocity,2001,2001,false,2000s,493.7,13.7,349.6,,21.0628,198.1818436,-2.2649921
HD 148156 b,HD 148156,hd 148156,Radial Velocity,radial velocity,2009,2009,false,2000s,1027.0,13.9,270.144,,57.1289,247.0723035,-46.3175085
HD 12661 c,HD 12661,hd 12661,Radial Velocity,radial velocity,2002,2002,false,2000s,1708.0,13.2,899.45439181,,37.8478,31.1423525,25.4135632
HIP 14810 c,HIP 14810,hip 14810,Radial Velocity,radial velocity,2006,2006,false,2000s,147.747,13.6,416.3573,,50.48,47.809275,21.0971302
HIP 14810 b,HIP 14810,hip 14810,Radial Velocity,radial velocity,2005,2005,false,2000s,6.673892,13.0,1239.537,,50.48,47.809275,21.0971302
GJ 876 d,GJ 876,gj 876,Radial Velocity,radial velocity,2005,2005,false,2000s,1.93778,2.51,6.83,,4.67517,343.3239737,-14.2665958
gam1 Leo b,gam1 Leo,gam1 leo,Radial Velocity,radial velocity,2009,2009,false,2000s,428.5,12.5,2790.43,,39.8883,154.993208,19.841389
HD 156411 b,HD 156411,hd 156411,Radial Velocity,radial velocity,2009,2009,false,2000s,842.2,14.0,235.18,,56.8655,259.9639522,-48.5502313
BD+20 2457 b,BD+20 2457,bd+20 2457,Radial Velocity,radial velocity,2009,2009,false,2000s,379.63,12.1,6807.63,,1539.71,154.186782,19.8912626
HD 240210 b,HD 240210,hd 240210,Radial Velocity,radial velocity,2009,2009,false,2000s,501.75,12.8,1655.82,,372.405,347.6219227,57.0294818
HD 68988 b,HD 68988,hd 68988,Radial Velocity,radial velocity,2001,2001,false,2000s,6.27711,13.4,626.1251,,60.8447,124.5935429,61.4608518
HD 90156 b,HD 90156,hd 90156,Radial Velocity,radial velocity,2009,2009,false,2000s,49.77,4.43,17.98,,21.9496,155.9801144,-29.645103
HD 45350 b,HD 45350,hd 45350,Radial Velocity,radial velocity,2004,2004,false,2000s,963.6,13.5,568.89,,46.8733,97.1902262,38.9627315
OGLE-TR-111 b,OGLE-TR-111,ogle-tr-111,Transit,transit,2004,2004,false,2000s,4.0144463,11.421971,174.799,1019.0,1068.33,163.324115,-61.4056976
MOA-2007-BLG-192L b,MOA-2007-BLG-192L,moa-2007-blg-192l,Microlensing,microlensing,2008,2008,false,2000s,,1.63,3.3,,1000.0,272.015825,-27.150075
HD 107148 b,HD 107148,hd 107148,Radial Velocity,radial velocity,2005,2005,false,2000s,48.056,9.6,66.741,,49.4156,184.8059773,-3.3199927
SWEEPS-11 b,SWEEPS-11,sweeps-11,Transit,transit,2006,2006,false,2000s,1.796,12.666,3082.82,,8500.0,269.7583333,-29.1981944
OGLE-TR-211 b,OGLE-TR-211,ogle-tr-211,Transit,transit,2007,2007,false,2000s,3.67724,15.244,327.351,1686.0,1515.26,160.0598236,-62.4555353
Lupus-TR-3 b,Lupus-TR-3,lupus-tr-3,Transit,transit,2007,2007,false,2000s,3.91405,9.976,257.431,,773.409,232.5774696,-42.9799461
OGLE-2005-BLG-390L b,OGLE-2005-BLG-390L,ogle-2005-blg-390l,Microlensing,microlensing,2005,2005,false,2000s,3285.0,2.21,5.5,50.0,6600.0,268.579958,-30.3773056
HN Peg b,HN Peg,hn peg,Imaging,imaging,2006,2006,false,2000s,,11.7768,6991.57,,18.1186,326.1315705,14.7714524
GJ 674 b,GJ 674,gj 674,Radial Velocity,radial velocity,2007,2007,false,2000s,4.6938,3.33,11.09,,4.54896,262.1700476,-46.8989826
OGLE-TR-10 b,OGLE-TR-10,ogle-tr-10,Transit,transit,2004,2004,false,2000s,3.101278,14.011,197.046,1702.0,1344.97,267.8677483,-29.8764758
HD 27442 b,HD 27442,hd 27442,Radial Velocity,radial velocity,2000,2000,false,2000s,428.1,13.5,495.8,,18.2704,64.1205476,-59.3028771
GJ 3021 b,GJ 3021,gj 3021,Radial Velocity,radial velocity,2000,2000,false,2000s,133.71,13.1,1071.04,350.0,17.5559,4.0634323,-79.8514218
HD 46375 b,HD 46375,hd 46375,Radial Velocity,radial velocity,2000,2000,false,2000s,3.023573,10.0,71.8,,29.5529,98.3030763,5.4625071
HD 221287 b,HD 221287,hd 221287,Radial Velocity,radial velocity,2007,2007,false,2000s,456.1,13.1,982.05,,55.9231,352.836223,-58.209754
HD 33564 b,HD 33564,hd 33564,Radial Velocity,radial velocity,2005,2005,false,2000s,388.0,12.5,2892.1,,20.9531,80.6378979,79.2318488
HD 189733 b,HD 189733,hd 189733,Radial Velocity,radial velocity,2005,2005,false,2000s,2.21857567,12.66617,359.1479,1209.0,19.7638,300.1821223,22.7097759
OGLE2-TR-L9 b,OGLE2-TR-L9,ogle2-tr-l9,Transit,transit,2008,2008,false,2000s,2.4855335,18.046,1430.175,2034.0,1627.63,166.9798793,-61.1462496
Kepler-4 b,Kepler-4,kepler-4,Transit,transit,2009,2009,false,2000s,3.21346,4.002,24.472,1650.0,487.916,285.6154492,50.1357712
HAT-P-13 c,HAT-P-13,hat-p-13,Radial Velocity,radial velocity,2009,2009,false,2000s,446.27,12.3,4538.421,340.0,246.81,129.8823772,47.3519076
HD 129445 b,HD 129445,hd 129445,Radial Velocity,radial velocity,2009,2009,false,2000s,1840.0,13.3,797.74930157,,67.4386,221.5104196,-68.7629901
HD 70573 b,HD 70573,hd 70573,Radial Velocity,radial velocity,2007,2007,false,2000s,851.8,12.8,1900.0,,59.182,125.7079153,1.8591088
HD 47536 b,HD 47536,hd 47536,Radial Velocity,radial velocity,2002,2002,false,2000s,712.13,12.6,2330.0,,122.536,99.448958,-32.3394531
MOA-2008-BLG-310L b,MOA-2008-BLG-310L,moa-2008-blg-310l,Microlensing,microlensing,2009,2009,false,2000s,,5.18,23.4,,7700.0,268.560542,-34.7780528
HD 24040 b,HD 24040,hd 24040,Radial Velocity,radial velocity,2006,2006,false,2000s,3668.0,12.9,1589.142035,,46.6224,57.5962104,17.4752873
HD 11964 c,HD 11964,hd 11964,Radial Velocity,radial velocity,2008,2008,false,2000s,37.91,5.38,25.0,,33.5369,29.2884252,-10.2434693
CoRoT-6 b,CoRoT-6,corot-6,Transit,transit,2009,2009,false,2000s,8.886593,13.068,940.74,1017.0,645.294,281.0725563,6.6632062
CHXR 73 b,CHXR 73,chxr 73,Imaging,imaging,2006,2006,false,2000s,,12.3,3994.486,,190.374,166.6193985,-77.6258725
FU Tau b,FU Tau,fu tau,Imaging,imaging,2008,2008,false,2000s,,12.2,5085.28,2375.0,133.4950466,65.8974962,25.0506711
HD 168443 c,HD 168443,hd 168443,Radial Velocity,radial velocity,2000,2000,false,2000s,1753.1096,12.2,5500.33841154,,39.6245,275.0159879,-9.5966905
HD 82943 c,HD 82943,hd 82943,Radial Velocity,radial velocity,2003,2003,false,2000s,220.078,13.4,622.603,,27.5902,143.7114034,-12.1302976
HD 82943 b,HD 82943,hd 82943,Radial Velocity,radial velocity,2003,2003,false,2000s,441.47,13.5,534.25,,27.5902,143.7114034,-12.1302976
WASP-14 b,WASP-14,wasp-14,Transit,transit,2008,2008,false,2000s,2.24375,15.46842,2809.6172,1872.0,161.997,218.2766247,21.8946875
HAT-P-2 b,HAT-P-2,hat-p-2,Transit,transit,2007,2007,false,2000s,5.6335158,10.659759,2866.81223114,1540.0,127.774,245.1514324,41.0479601
HAT-P-7 b,HAT-P-7,hat-p-7,Transit,transit,2008,2008,false,2000s,2.20474,16.92559,584.8072,2733.0,341.079,292.24719,47.9695429
HD 217107 c,HD 217107,hd 217107,Radial Velocity,radial velocity,2005,2005,false,2000s,4270.0,12.9,1430.2278315,,20.0619,344.5647243,-2.3954489
HD 27894 b,HD 27894,hd 27894,Radial Velocity,radial velocity,2005,2005,false,2000s,18.01939,14.1,196.73578393,,43.8214,65.1975693,-59.4096776
HD 215497 c,HD 215497,hd 215497,Radial Velocity,radial velocity,2009,2009,false,2000s,566.0,13.0,111.23994245,,40.5468,341.652714,-56.5997984
HD 190984 b,HD 190984,hd 190984,Radial Velocity,radial velocity,2009,2009,false,2000s,4885.0,13.0,1137.82569706,,148.187,302.8779827,-64.6202728
HD 50554 b,HD 50554,hd 50554,Radial Velocity,radial velocity,2002,2002,false,2000s,1293.0,12.8,1859.29618095,,31.1664,103.678273,24.2451409
HD 183263 b,HD 183263,hd 183263,Radial Velocity,radial velocity,2004,2004,false,2000s,624.87404,13.1,1103.1824007,,54.1955,292.1022982,8.3579183
USco CTIO 108 b,USco CTIO 108,usco ctio 108,Imaging,imaging,2008,2008,false,2000s,,12.3,4449.62,,144.019,241.4752653,-18.3124167
HD 155358 c,HD 155358,hd 155358,Radial Velocity,radial velocity,2007,2007,false,2000s,391.9,13.9,261.0,,43.6197,257.3930947,33.3549277
HD 183263 c,HD 183263,hd 183263,Radial Velocity,radial velocity,2008,2008,false,2000s,4667.97841,12.5,2958.98246917,,54.1955,292.1022982,8.3579183
V0391 Peg b,V0391 Peg,v0391 peg,Pulsation Timing Variations,pulsation timing variations,2007,2007,false,2000s,1170.0,13.1,1017.056,,1195.98,331.0504119,26.4188227
XO-5 b,XO-5,xo-5,Transit,transit,2008,2008,false,2000s,4.1877558,12.78,378.2,1230.0,276.211,116.7163868,39.0944695
WASP-16 b,WASP-16,wasp-16,Transit,transit,2009,2009,false,2000s,3.1186,13.67498,394.1092,1389.0,194.134,214.6830109,-20.2754374
WASP-17 b,WASP-17,wasp-17,Transit,transit,2009,2009,false,2000s,3.73543,20.96083,247.9074,1755.0,405.908,239.9622479,-28.0617941
WASP-18 b,WASP-18,wasp-18,Transit,transit,2009,2009,false,2000s,0.94145223,13.89913607,3241.8497514,2429.0,123.483,24.3544618,-45.6777937
WASP-19 b,WASP-19,wasp-19,Transit,transit,2009,2009,false,2000s,0.78883852,15.86070769,366.77398168,2113.0,268.325,148.4167672,-45.6591078
HD 73526 c,HD 73526,hd 73526,Radial Velocity,radial velocity,2005,2005,false,2000s,379.1,13.3,715.09,,97.2396,129.318331,-41.3184231
DP Leo b,DP Leo,dp leo,Eclipse Timing Variations,eclipse timing variations,2009,2009,false,2000s,10220.0,12.7,1995.88832,,305.684,169.3162193,17.9615717
WASP-11 b,WASP-11,wasp-11,Transit,transit,2008,2008,false,2000s,3.72247,12.44199,251.0857,992.0,124.73,47.3689472,30.6733817
HR 8799 b,HR 8799,hr 8799,Imaging,imaging,2008,2008,false,2000s,170000.0,13.0,2000.0,1200.0,41.2441,346.8701486,21.1340376
HR 8799 c,HR 8799,hr 8799,Imaging,imaging,2008,2008,false,2000s,69000.0,13.0,3000.0,1200.0,41.2441,346.8701486,21.1340376
HR 8799 d,HR 8799,hr 8799,Imaging,imaging,2008,2008,false,2000s,37000.0,13.0,3000.0,1300.0,41.2441,346.8701486,21.1340376
WASP-7 b,WASP-7,wasp-7,Transit,transit,2008,2008,false,2000s,4.9546416,14.90797,305.1168,1487.0,162.303,311.0427558,-39.2254856
HD 154345 b,HD 154345,hd 154345,Radial Velocity,radial velocity,2006,2006,false,2000s,3341.55884,13.7,378.21580433,,18.284,255.6524619,47.0855544
HD 181433 b,HD 181433,hd 181433,Radial Velocity,radial velocity,2008,2008,false,2000s,9.3743,,1708.64551603,,26.8762,291.2873731,-66.4677838
BD-08 2823 c,BD-08 2823,bd-08 2823,Radial Velocity,radial velocity,2009,2009,false,2000s,237.6,12.5,104.0,,41.3342,150.1971964,-9.5165689
HD 187123 c,HD 187123,hd 187123,Radial Velocity,radial velocity,2008,2008,false,2000s,3810.0,13.2,912.16752809,,45.9548,296.7428786,34.41899
GJ 1214 b,GJ 1214,gj 1214,Transit,transit,2009,2009,false,2000s,1.580404531,2.733,8.41,567.0,14.6427,258.8313991,4.9606795
WASP-1 b,WASP-1,wasp-1,Transit,transit,2007,2007,false,2000s,2.5199454,16.623,271.415,1812.0,393.072,5.1669536,31.9899732
HAT-P-12 b,HAT-P-12,hat-p-12,Transit,transit,2009,2009,false,2000s,3.2130598,10.749,67.059,963.0,142.751,209.3886452,43.49331
HD 149026 b,HD 149026,hd 149026,Radial Velocity,radial velocity,2005,2005,false,2000s,2.87589,8.29466,120.7754,1626.0,75.8643,247.6229827,38.3475349
1RXS J160929.1-210524 b,1RXS J160929.1-210524,1rxs j160929.1-210524,Imaging,imaging,2008,2008,false,2000s,,18.647,3000.0,1700.0,139.135,242.3762343,-21.0831403
WASP-2 b,WASP-2,wasp-2,Transit,transit,2007,2007,false,2000s,2.152175,12.116929,295.89973,1311.0,153.242,307.7255587,6.4293305
OGLE-2005-BLG-071L b,OGLE-2005-BLG-071L,ogle-2005-blg-071l,Microlensing,microlensing,2005,2005,false,2000s,,13.0,1200.0,55.0,3200.0,267.540708,-34.6731944
OGLE-2006-BLG-109L b,OGLE-2006-BLG-109L,ogle-2006-blg-109l,Microlensing,microlensing,2008,2008,false,2000s,1788.5,14.0,231.0,82.0,1510.0,268.143792,-30.0877778
HAT-P-13 b,HAT-P-13,hat-p-13,Transit,transit,2009,2009,false,2000s,2.91625,14.258,270.462,1740.0,246.81,129.8823772,47.3519076
CoRoT-1 b,CoRoT-1,corot-1,Transit,transit,2008,2008,false,2000s,1.5089557,16.7,327.35,1898.0,787.909,102.0798591,-3.1021394
GJ 436 b,GJ 436,gj 436,Radial Velocity,radial velocity,2004,2004,false,2000s,2.64388312,4.17,22.1,686.0,9.75321,175.5505363,26.7030669
WASP-3 b,WASP-3,wasp-3,Transit,transit,2007,2007,false,2000s,1.84683,15.91678,772.3269,2020.0,231.161,278.6317411,35.6614312
HD 40307 d,HD 40307,hd 40307,Radial Velocity,radial velocity,2009,2009,false,2000s,20.432,,1775.3894815,541.0,12.9363,88.5172191,-60.0237289
HD 87883 b,HD 87883,hd 87883,Radial Velocity,radial velocity,2009,2009,false,2000s,3006.0,12.7,2005.49724817,,18.2912,152.1794175,34.2419984
OGLE-2005-BLG-169L b,OGLE-2005-BLG-169L,ogle-2005-blg-169l,Microlensing,microlensing,2006,2006,false,2000s,,3.84,14.1,,4100.0,271.522167,-30.7326389
WASP-13 b,WASP-13,wasp-13,Transit,transit,2009,2009,false,2000s,4.35301,13.67498,114.4188,1531.0,227.537,140.1029654,33.8823291
WASP-10 b,WASP-10,wasp-10,Transit,transit,2008,2008,false,2000s,3.0927616,12.106,1001.12,1370.0,140.998,348.9930457,31.4627508
HAT-P-5 b,HAT-P-5,hat-p-5,Transit,transit,2007,2007,false,2000s,2.78849,13.56289,311.4734,1517.0,303.336,274.4055335,36.6214617
HAT-P-8 b,HAT-P-8,hat-p-8,Transit,transit,2008,2008,false,2000s,3.07634,15.6926,406.8224,1713.0,211.553,343.0414932,35.4471778
HD 216770 b,HD 216770,hd 216770,Radial Velocity,radial velocity,2003,2003,false,2000s,118.45,14.1,181.1631,,36.6625,343.9748751,-26.6595286
WASP-15 b,WASP-15,wasp-15,Transit,transit,2009,2009,false,2000s,3.7521,15.80469,171.6282,1676.0,282.091,208.9280111,-32.1597118
HD 7924 b,HD 7924,hd 7924,Radial Velocity,radial velocity,2008,2008,false,2000s,5.39792,,2058.25676373,825.9,16.9922,20.4956562,76.7101475
HD 16175 b,HD 16175,hd 16175,Radial Velocity,radial velocity,2009,2009,false,2000s,990.0,12.8,1875.1876013,,59.859,39.2577379,42.0624526
14 And b,14 And,14 and,Radial Velocity,radial velocity,2008,2008,false,2000s,186.76,13.1,1131.15130051,,75.4392,352.82415,39.2358367
WASP-6 b,WASP-6,wasp-6,Transit,transit,2009,2009,false,2000s,3.3610026,12.5428494,148.42586607,1167.0,197.119,348.1571282,-22.6741248
WASP-4 b,WASP-4,wasp-4,Transit,transit,2007,2007,false,2000s,1.338230994,15.12091496,381.3940884,1653.0,267.206,353.5629149,-42.0617794
XO-1 b,XO-1,xo-1,Transit,transit,2006,2006,false,2000s,3.94153,12.77826,263.7989,1210.0,163.553,240.5492745,28.1696248
HD 153950 b,HD 153950,hd 153950,Radial Velocity,radial velocity,2008,2008,false,2000s,499.39999,13.2,937.5985,,48.4549,256.1292826,-43.3103753
GJ 849 b,GJ 849,gj 849,Radial Velocity,radial velocity,2006,2006,false,2000s,1925.31,13.9,283.82076745,,8.80058,332.4229938,-4.6408317
CoRoT-7 b,CoRoT-7,corot-7,Transit,transit,2009,2009,false,2000s,0.85359163,1.68135,4.07660518,1756.0,159.906,100.9561682,-1.0630076
HD 156846 b,HD 156846,hd 156846,Radial Velocity,radial velocity,2007,2007,false,2000s,359.51001,12.4,3391.2461,,47.7332,260.1423366,-19.334365
HD 125612 b,HD 125612,hd 125612,Radial Velocity,radial velocity,2007,2007,false,2000s,557.69994,13.2,945.22168242,,57.6207,215.2227183,-17.4818147
HD 37124 b,HD 37124,hd 37124,Radial Velocity,radial velocity,2002,2002,false,2000s,154.378,14.0,214.53525,,31.6634,84.2599947,20.7289784
HD 330075 b,HD 330075,hd 330075,Radial Velocity,radial velocity,2004,2004,false,2000s,3.38773,14.3,152.5584,990.0,45.2989,237.4054997,-49.9639199
11 UMi b,11 UMi,11 umi,Radial Velocity,radial velocity,2009,2009,false,2000s,516.21997,12.3,4684.8142,,125.321,229.2745954,71.8239428
HD 170469 b,HD 170469,hd 170469,Radial Velocity,radial velocity,2007,2007,false,2000s,1145.0,14.1,209.7678,,60.178,277.2955423,11.6954244
47 UMa c,47 UMa,47 uma,Radial Velocity,radial velocity,2001,2001,false,2000s,2391.0,14.2,171.621,,13.7967,164.8647611,40.4304931
47 UMa d,47 UMa,47 uma,Radial Velocity,radial velocity,2009,2009,false,2000s,14002.0,13.5,521.22,,13.7967,164.8647611,40.4304931
55 Cnc c,55 Cnc,55 cnc,Radial Velocity,radial velocity,2004,2004,false,2000s,44.3936,8.51,54.4738,,12.5855,133.1468373,28.3298154
55 Cnc d,55 Cnc,55 cnc,Radial Velocity,radial velocity,2002,2002,false,2000s,4799.0,13.0,1232.493,,12.5855,133.1468373,28.3298154
55 Cnc e,55 Cnc,55 cnc,Radial Velocity,radial velocity,2004,2004,false,2000s,0.7365474,1.875,7.99,1958.0,12.5855,133.1468373,28.3298154
55 Cnc f,55 Cnc,55 cnc,Radial Velocity,radial velocity,2007,2007,false,2000s,260.58,7.59,44.812,,12.5855,133.1468373,28.3298154
61 Vir b,61 Vir,61 vir,Radial Velocity,radial velocity,2009,2009,false,2000s,4.215,2.11,5.1,,8.50332,199.596455,-18.3157745
61 Vir c,61 Vir,61 vir,Radial Velocity,radial velocity,2009,2009,false,2000s,38.021,4.46,18.2,,8.50332,199.596455,-18.3157745
61 Vir d,61 Vir,61 vir,Radial Velocity,radial velocity,2009,2009,false,2000s,123.01,5.11,22.9,,8.50332,199.596455,-18.3157745
eps Eri b,eps Eri,eps eri,Radial Velocity,radial velocity,2000,2000,false,2000s,2671.0,14.1,209.76674862,,3.2026,53.2284306,-9.4581715
HD 10647 b,HD 10647,hd 10647,Radial Velocity,radial velocity,2006,2006,false,2000s,989.2,13.8,298.75,,17.3357,25.6233526,-53.7412852
HD 147513 b,HD 147513,hd 147513,Radial Velocity,radial velocity,2003,2003,false,2000s,528.4,13.7,385.0,,12.9032,246.0057894,-39.1929661
HD 160691 b,HD 160691,hd 160691,Radial Velocity,radial velocity,2000,2000,false,2000s,645.0,,1366.6621501,,15.5981,266.0361585,-51.8348751
HD 160691 c,HD 160691,hd 160691,Radial Velocity,radial velocity,2004,2004,false,2000s,3947.0,,1398.4449908,,15.5981,266.0361585,-51.8348751
HD 160691 d,HD 160691,hd 160691,Radial Velocity,radial velocity,2004,2004,false,2000s,9.6392,3.23,10.49,900.0,15.5981,266.0361585,-51.8348751
HD 160691 e,HD 160691,hd 160691,Radial Velocity,radial velocity,2006,2006,false,2000s,307.9,,2224.798849,,15.5981,266.0361585,-51.8348751
HD 190360 b,HD 190360,hd 190360,Radial Velocity,radial velocity,2003,2003,false,2000s,2854.0,13.4,572.0911326,150.0,16.0069,300.9092476,29.894541
HD 190360 c,HD 190360,hd 190360,Radial Velocity,radial velocity,2005,2005,false,2000s,17.111,4.59,19.069,,16.0069,300.9092476,29.894541
HD 3651 b,HD 3651,hd 3651,Radial Velocity,radial velocity,2003,2003,false,2000s,62.25,10.1,72.46524,,11.1336,9.8387218,21.2488844
HD 39091 b,HD 39091,hd 39091,Radial Velocity,radial velocity,2001,2001,false,2000s,2088.8,12.3,4481.3805387,,18.2702,84.2992798,-80.4646041
HD 69830 b,HD 69830,hd 69830,Radial Velocity,radial velocity,2006,2006,false,2000s,8.667,3.17,10.2,,12.5591,124.6010091,-12.6364246
HD 69830 c,HD 69830,hd 69830,Radial Velocity,radial velocity,2006,2006,false,2000s,31.56,3.46,11.8,,12.5591,124.6010091,-12.6364246
HD 69830 d,HD 69830,hd 69830,Radial Velocity,radial velocity,2006,2006,false,2000s,197.0,4.45,18.1,,12.5591,124.6010091,-12.6364246
XO-3 b,XO-3,xo-3,Transit,transit,2007,2007,false,2000s,3.19154,15.80469,2316.9807,1729.0,213.053,65.4695814,57.8172095
Kepler-5 b,Kepler-5,kepler-5,Transit,transit,2009,2009,false,2000s,3.5484657,15.984034,670.93913,1750.0,899.777,299.4070341,44.0350387
HD 80606 b,HD 80606,hd 80606,Radial Velocity,radial velocity,2001,2001,false,2000s,111.436765,11.56766808,1323.46926959,405.0,66.4711,140.6569501,50.6037764
HAT-P-6 b,HAT-P-6,hat-p-6,Transit,transit,2007,2007,false,2000s,3.85298,16.58932,419.5356,1675.0,275.358,354.7740917,42.4659866
HD 50499 b,HD 50499,hd 50499,Radial Velocity,radial velocity,2005,2005,false,2000s,2447.1,13.5,519.96988,,46.2845,103.008075,-33.915267
HAT-P-1 b,HAT-P-1,hat-p-1,Transit,transit,2006,2006,false,2000s,4.46529976,14.784671,166.86075,1322.0,158.979,344.4453632,38.674919
CoRoT-2 b,CoRoT-2,corot-2,Transit,transit,2008,2008,false,2000s,1.7429935,16.432,1102.82,1521.0,213.283,291.7770457,1.3836634
HAT-P-4 b,HAT-P-4,hat-p-4,Transit,transit,2007,2007,false,2000s,3.056536,14.28,213.255,1686.0,320.451,229.99122,36.229545
HD 99109 b,HD 99109,hd 99109,Radial Velocity,radial velocity,2005,2005,false,2000s,439.29999,14.3,139.8452,,54.7901,171.0715576,-1.529761
HD 66428 b,HD 66428,hd 66428,Radial Velocity,radial velocity,2005,2005,false,2000s,2269.81726,12.4,3478.94974302,,53.2817,120.8691654,-1.1636019
TrES-1 b,TrES-1,tres-1,Transit,transit,2004,2004,false,2000s,3.03007,12.66617,266.9772,1140.0,159.658,286.0408755,36.632536
HD 4313 b,HD 4313,hd 4313,Radial Velocity,radial velocity,2009,2009,false,2000s,356.21,13.4,612.45841,,136.308,11.4181301,7.8450492
HD 181433 c,HD 181433,hd 181433,Radial Velocity,radial velocity,2008,2008,false,2000s,962.0,,2207.00045821,,26.8762,291.2873731,-66.4677838
HD 173416 b,HD 173416,hd 173416,Radial Velocity,radial velocity,2008,2008,false,2000s,322.03,13.4,585.12209729,,132.184,280.9005676,36.556857
HAT-P-9 b,HAT-P-9,hat-p-9,Transit,transit,2008,2008,false,2000s,3.92281072,15.614137,238.05467,1540.0,455.203,110.1685157,37.1405946
TrES-3 b,TrES-3,tres-3,Transit,transit,2007,2007,false,2000s,1.30618581,14.975,607.03,1638.0,231.337,268.0291106,37.5463268
WASP-5 b,WASP-5,wasp-5,Transit,transit,2008,2008,false,2000s,1.6284279,12.184,502.15,1706.0,309.137,359.3490277,-41.2772202
HD 175167 b,HD 175167,hd 175167,Radial Velocity,radial velocity,2009,2009,false,2000s,1175.0,12.3,4703.8604236,,71.0863,285.0033888,-69.9450664
HD 38801 b,HD 38801,hd 38801,Radial Velocity,radial velocity,2009,2009,false,2000s,685.25,12.5,3082.31534,,91.4349,86.9963141,-8.3280256
11 Com b,11 Com,11 com,Radial Velocity,radial velocity,2007,2007,false,2000s,323.21,12.2,4914.89848585,,93.1846,185.1787793,17.7932516
HD 20782 b,HD 20782,hd 20782,Radial Velocity,radial velocity,2006,2006,false,2000s,597.0643,13.6,472.83,,35.9864,50.0166232,-28.8543535
HD 202206 c,HD 202206,hd 202206,Radial Velocity,radial velocity,2004,2004,false,2000s,1260.0,12.2,5689.157,,45.9665,318.7405221,-20.7897284
HD 75898 b,HD 75898,hd 75898,Radial Velocity,radial velocity,2007,2007,false,2000s,422.82,13.2,810.46243785,,78.0505,133.4611999,33.0566885
HD 164922 b,HD 164922,hd 164922,Radial Velocity,radial velocity,2005,2005,false,2000s,1207.0,13.3,116.0,159.4,22.0016,270.6304652,26.3104077
HD 73526 b,HD 73526,hd 73526,Radial Velocity,radial velocity,2002,2002,false,2000s,188.3,13.1,978.9164,,97.2396,129.318331,-41.3184231
HD 154857 b,HD 154857,hd 154857,Radial Velocity,radial velocity,2004,2004,false,2000s,408.60001,13.3,778.6835,,63.4482,257.816194,-56.681038
HD 213240 b,HD 213240,hd 213240,Radial Velocity,radial velocity,2001,2001,false,2000s,882.70001,12.8,1655.88600047,,40.8707,337.7506266,-49.4341037
HD 47186 b,HD 47186,hd 47186,Radial Velocity,radial velocity,2008,2008,false,2000s,4.0845,5.02,22.2481,,37.4574,99.0367212,-27.6234285
BD-08 2823 b,BD-08 2823,bd-08 2823,Radial Velocity,radial velocity,2009,2009,false,2000s,5.6,,2948.49413174,,41.3342,150.1971964,-9.5165689
HD 72659 b,HD 72659,hd 72659,Radial Velocity,radial velocity,2002,2002,false,2000s,3549.0,13.2,949.67128012,,51.8949,128.5128072,-1.5686323
HD 102272 b,HD 102272,hd 102272,Radial Velocity,radial velocity,2008,2008,false,2000s,127.58,12.9,1570.0802,,347.097,176.5980316,14.1240201
BD-13 2130 b,BD-13 2130,bd-13 2130,Radial Velocity,radial velocity,2007,2007,false,2000s,714.29999,12.5,3108.3774,,925.214,114.2884692,-13.9066703
HD 20868 b,HD 20868,hd 20868,Radial Velocity,radial velocity,2008,2008,false,2000s,380.85001,13.7,397.2875,,47.7223,50.1794053,-33.72969
HD 180902 b,HD 180902,hd 180902,Radial Velocity,radial velocity,2009,2009,false,2000s,510.9,13.5,535.54355,,104.577,289.8239604,-23.5582432
HD 65216 b,HD 65216,hd 65216,Radial Velocity,radial velocity,2003,2003,false,2000s,577.6,13.6,411.58985,,35.1205,118.4209646,-63.6466892
Oph 11 b,Oph 11,oph 11,Imaging,imaging,2006,2006,false,2000s,7300000.0,12.3,4449.62,2175.0,136.16559197,245.604961,-24.0872219
HD 188015 b,HD 188015,hd 188015,Radial Velocity,radial velocity,2004,2004,false,2000s,461.2,13.6,476.72,,50.6706,298.0191857,28.0999769
HD 40307 c,HD 40307,hd 40307,Radial Velocity,radial velocity,2009,2009,false,2000s,9.6184,,1868.51320475,696.0,12.9363,88.5172191,-60.0237289
GJ 649 b,GJ 649,gj 649,Radial Velocity,radial velocity,2009,2009,false,2000s,600.1,10.8,81.99972901,,10.3796,254.5363221,25.7419719
HD 49674 b,HD 49674,hd 49674,Radial Velocity,radial velocity,2002,2002,false,2000s,4.94737,6.2,31.783,,43.0399,102.8773483,40.8672284
HIP 70849 b,HIP 70849,hip 70849,Radial Velocity,radial velocity,2009,2009,false,2000s,3649.0,12.9,1430.2278315,,24.0572,217.3270762,-46.464684
HD 125595 b,HD 125595,hd 125595,Radial Velocity,radial velocity,2009,2009,false,2000s,9.6737,,3531.07360177,,28.1989,215.3434326,-40.3942443
HD 179079 b,HD 179079,hd 179079,Radial Velocity,radial velocity,2008,2008,false,2000s,14.479,,4195.3349724,,69.7116,287.7903733,-2.6387703
OGLE-TR-56 b,OGLE-TR-56,ogle-tr-56,Transit,transit,2002,2002,false,2000s,1.2119189,15.278,441.77,2212.0,282.83913869,269.1479583,-29.5392222
HD 28185 b,HD 28185,hd 28185,Radial Velocity,radial velocity,2001,2001,false,2000s,385.52775,12.8,1855.16441166,,39.3809,66.6100461,-10.5510754
HD 4308 b,HD 4308,hd 4308,Radial Velocity,radial velocity,2005,2005,false,2000s,15.56,4.12,15.8915,,22.0158,11.1652594,-65.6527159
HIP 5158 b,HIP 5158,hip 5158,Radial Velocity,radial velocity,2009,2009,false,2000s,345.72,13.6,451.0,,51.6026,16.5094891,-22.4536134
OGLE-2003-BLG-235L b,OGLE-2003-BLG-235L,ogle-2003-blg-235l,Microlensing,microlensing,2004,2004,false,2000s,,13.2,830.0,,5800.0,271.318125,-28.895
HD 11964 b,HD 11964,hd 11964,Radial Velocity,radial velocity,2005,2005,false,2000s,1945.0,14.1,198.0,,33.5369,29.2884252,-10.2434693
HD 132406 b,HD 132406,hd 132406,Radial Velocity,radial velocity,2007,2007,false,2000s,908.0,12.8,1887.90073758,,70.7832,224.2276121,53.3809615
HD 128311 b,HD 128311,hd 128311,Radial Velocity,radial velocity,2002,2002,false,2000s,453.019,13.5,562.24127,,16.3292,219.0032292,9.7454368
OGLE-2007-BLG-368L b,OGLE-2007-BLG-368L,ogle-2007-blg-368l,Microlensing,microlensing,2009,2009,false,2000s,,4.72,20.0,,5900.0,269.108167,-32.2374167
HD 11506 b,HD 11506,hd 11506,Radial Velocity,radial velocity,2007,2007,false,2000s,1617.7,12.9,1551.00262616,,51.261,28.2106607,-19.507396
HD 147018 c,HD 147018,hd 147018,Radial Velocity,radial velocity,2009,2009,false,2000s,1008.0,12.7,2080.0,,40.4256,245.7490012,-61.6901291
HD 208487 b,HD 208487,hd 208487,Radial Velocity,radial velocity,2004,2004,false,2000s,130.08,14.2,165.265,,45.147,329.3332489,-37.7641354
HD 108874 c,HD 108874,hd 108874,Radial Velocity,radial velocity,2005,2005,false,2000s,1624.0,13.8,314.64,,59.5175,187.6126029,22.8794399
HD 41004 A b,HD 41004 A,hd 41004 a,Radial Velocity,radial velocity,2004,2004,false,2000s,963.0,13.2,807.25,,36.69117,89.9566041,-48.2394189
HD 181720 b,HD 181720,hd 181720,Radial Velocity,radial velocity,2009,2009,false,2000s,956.0,14.0,127.132,,60.2046,290.7212224,-32.9208401
HD 142022 A b,HD 142022 A,hd 142022 a,Radial Velocity,radial velocity,2005,2005,false,2000s,1928.0,12.9,1433.40611557,,34.2802,242.5481731,-84.2317494
HD 34445 b,HD 34445,hd 34445,Radial Velocity,radial velocity,2009,2009,false,2000s,1049.0,13.9,260.6206,,46.0907,79.4207483,7.3527156
HD 2039 b,HD 2039,hd 2039,Radial Velocity,radial velocity,2002,2002,false,2000s,1120.0,12.7,1999.1507,,85.6922,6.0851069,-56.649988
HD 38529 c,HD 38529,hd 38529,Radial Velocity,radial velocity,2000,2000,false,2000s,2127.60566,12.5,3299.05886466,,42.3538,86.6451363,1.1675866
PSR B1620-26 b,PSR B1620-26,psr b1620-26,Pulsar Timing,pulsar timing,2003,2003,false,2000s,,13.3,794.575,,,245.9092617,-26.5315944
HD 104067 b,HD 104067,hd 104067,Radial Velocity,radial velocity,2009,2009,false,2000s,55.851,9.2,62.1,,20.3632,179.7923543,-20.3556058
HD 93083 b,HD 93083,hd 93083,Radial Velocity,radial velocity,2005,2005,false,2000s,143.58,13.4,117.59,,28.5159,161.0866672,-33.5776794
OGLE-TR-182 b,OGLE-TR-182,ogle-tr-182,Transit,transit,2007,2007,false,2000s,3.9791,12.666,320.995,1550.0,2501.75,167.3279228,-61.0952624
HD 179949 b,HD 179949,hd 179949,Radial Velocity,radial velocity,2000,2000,false,2000s,3.092514,13.9,291.12,,27.4573,288.8890182,-24.1797939
HD 60532 b,HD 60532,hd 60532,Radial Velocity,radial velocity,2008,2008,false,2000s,201.9,13.8,336.8998,,25.9716,113.5130656,-22.2958661
HD 60532 c,HD 60532,hd 60532,Radial Velocity,radial velocity,2008,2008,false,2000s,600.1,13.3,797.7533,,25.9716,113.5130656,-22.2958661
HD 11506 c,HD 11506,hd 11506,Radial Velocity,radial velocity,2008,2008,false,2000s,223.92,14.0,127.1313628,,51.261,28.2106607,-19.507396
HD 37124 c,HD 37124,hd 37124,Radial Velocity,radial velocity,2002,2002,false,2000s,885.5,14.1,207.22516,,31.6634,84.2599947,20.7289784
HD 103197 b,HD 103197,hd 103197,Radial Velocity,radial velocity,2009,2009,false,2000s,47.84,5.83,28.6047,,57.1463,178.2201971,-50.2927911
HD 121504 b,HD 121504,hd 121504,Radial Velocity,radial velocity,2003,2003,false,2000s,63.33,13.6,479.9233,,41.6592,209.3199062,-56.0404085
HD 114386 b,HD 114386,hd 114386,Radial Velocity,radial velocity,2003,2003,false,2000s,937.70001,13.7,362.3262,,27.9243,197.6652124,-35.0561807
HD 13931 b,HD 13931,hd 13931,Radial Velocity,radial velocity,2009,2009,false,2000s,4218.0,13.2,889.9195396,,47.3963,34.1979991,43.7722065
HD 142415 b,HD 142415,hd 142415,Radial Velocity,radial velocity,2003,2003,false,2000s,386.29999,13.5,530.7761,,35.5318,239.418989,-60.2006948
HD 16141 b,HD 16141,hd 16141,Radial Velocity,radial velocity,2000,2000,false,2000s,75.523,10.9,82.6358,,37.7861,38.8323674,-3.5624887
HD 162020 b,HD 162020,hd 162020,Radial Velocity,radial velocity,2002,2002,false,2000s,8.4282,12.5,3127.4472,650.0,30.8248,267.6599252,-40.3184646
CoRoT-9 b,CoRoT-9,corot-9,Transit,transit,2009,2009,false,2000s,95.272656,11.948794,266.9772,420.0,412.98,280.7866461,6.2040783
HD 102117 b,HD 102117,hd 102117,Radial Velocity,radial velocity,2005,2005,false,2000s,20.8133,8.47,54.0311,,39.5792,176.2097267,-58.7040134
HD 102195 b,HD 102195,hd 102195,Radial Velocity,radial velocity,2006,2006,false,2000s,4.11377,14.2,130.3103,,29.3386,176.4254063,2.8209912
HD 2638 b,HD 2638,hd 2638,Radial Velocity,radial velocity,2005,2005,false,2000s,3.4442,14.3,133.4886,,54.9621,7.4990038,-5.76496
HD 290327 b,HD 290327,hd 290327,Radial Velocity,radial velocity,2009,2009,false,2000s,2443.0,13.3,772.3269,,56.433,80.8399887,-2.2780391
HD 6434 b,HD 6434,hd 6434,Radial Velocity,radial velocity,2003,2003,false,2000s,21.998,14.2,155.7367,,42.358,16.1663441,-39.4904909
HD 76700 b,HD 76700,hd 76700,Radial Velocity,radial velocity,2002,2002,false,2000s,3.97097,9.6,66.7443,,60.8831,133.4782248,-66.8004747
HD 89307 b,HD 89307,hd 89307,Radial Velocity,radial velocity,2009,2009,false,2000s,2166.0,13.4,642.01338214,,32.0104,154.5874958,12.6209392
HD 171028 b,HD 171028,hd 171028,Radial Velocity,radial velocity,2007,2007,false,2000s,550.0,13.2,832.7146,,111.659,278.0643694,6.9456827
HD 17092 b,HD 17092,hd 17092,Radial Velocity,radial velocity,2007,2007,false,2000s,359.89999,12.5,3219.6179,,228.422,41.5924261,49.6530375
HAT-P-11 b,HAT-P-11,hat-p-11,Transit,transit,2008,2008,false,2000s,4.888,4.36,25.0,838.0,37.7647,297.7101763,48.0818635
HD 141937 b,HD 141937,hd 141937,Radial Velocity,radial velocity,2002,2002,false,2000s,653.21997,11.9,8714.85491994,,33.3622,238.0735585,-18.4359716
HD 212301 b,HD 212301,hd 212301,Radial Velocity,radial velocity,2005,2005,false,2000s,2.24571,14.2,162.0933,,54.2304,336.8803957,-77.7183219
CoRoT-5 b,CoRoT-5,corot-5,Transit,transit,2009,2009,false,2000s,4.0378962,15.558,148.42,1438.0,882.472,101.2772396,0.8152163
HD 159868 b,HD 159868,hd 159868,Radial Velocity,radial velocity,2006,2006,false,2000s,1184.1,13.3,704.94694,,55.8503,264.7466665,-43.1462347
HD 175541 b,HD 175541,hd 175541,Radial Velocity,radial velocity,2007,2007,false,2000s,298.43,14.1,190.06234,,129.603,283.9203211,4.2649344
HD 185269 b,HD 185269,hd 185269,Radial Velocity,radial velocity,2006,2006,false,2000s,6.83776,13.8,321.0083,,51.9917,294.2987668,28.499514
HD 181342 b,HD 181342,hd 181342,Radial Velocity,radial velocity,2009,2009,false,2000s,564.1,13.2,807.2882,,120.391,290.2674078,-23.6196996
HD 118203 b,HD 118203,hd 118203,Radial Velocity,radial velocity,2005,2005,false,2000s,6.1349779,12.778238,680.15279098,1361.0,92.2589,203.509956,53.7281876
HD 73534 b,HD 73534,hd 73534,Radial Velocity,radial velocity,2008,2008,false,2000s,1750.0,13.7,353.42696,,83.3321,129.8153421,12.9599703
HD 88133 b,HD 88133,hd 88133,Radial Velocity,radial velocity,2004,2004,false,2000s,3.414884,13.8,324.1866,,73.6123,152.5319349,18.1857284
HD 96167 b,HD 96167,hd 96167,Radial Velocity,radial velocity,2009,2009,false,2000s,498.04,14.0,227.88411,,85.3006,166.3125657,-10.291345
HD 95089 b,HD 95089,hd 95089,Radial Velocity,radial velocity,2009,2009,false,2000s,464.4,13.7,400.4658,,136.957,164.698748,1.7290087
HD 92788 b,HD 92788,hd 92788,Radial Velocity,radial velocity,2000,2000,false,2000s,325.803,13.0,1195.0408,,34.6538,160.7021351,-2.1847173
HD 117207 b,HD 117207,hd 117207,Radial Velocity,radial velocity,2004,2004,false,2000s,2621.75,13.4,669.34662514,,32.3547,202.3368806,-35.5713041
HD 114729 b,HD 114729,hd 114729,Radial Velocity,radial velocity,2002,2002,false,2000s,1121.79,13.9,262.20975,,37.8063,198.1833997,-31.8746756
HD 143361 b,HD 143361,hd 143361,Radial Velocity,radial velocity,2008,2008,false,2000s,1039.15,12.9,1382.55357045,,68.5146,240.4588405,-44.4350575
HD 152079 b,HD 152079,hd 152079,Radial Velocity,radial velocity,2009,2009,false,2000s,2918.92,13.2,845.74563,,87.8888,253.3732313,-46.3333582
HD 190647 b,HD 190647,hd 190647,Radial Velocity,radial velocity,2007,2007,false,2000s,1176.45,13.4,630.89255,,54.4738,301.8318167,-35.5395236
HD 23127 b,HD 23127,hd 23127,Radial Velocity,radial velocity,2006,2006,false,2000s,1211.17,13.5,485.32641,,93.8555,54.8491271,-60.077229
HD 4208 b,HD 4208,hd 4208,Radial Velocity,radial velocity,2001,2001,false,2000s,832.97,13.9,257.4423,,34.1937,11.1125532,-26.5150392
HD 48265 b,HD 48265,hd 48265,Radial Velocity,radial velocity,2008,2008,false,2000s,778.51,13.5,484.69075,,90.5446,100.0073683,-48.5418284
HD 52265 b,HD 52265,hd 52265,Radial Velocity,radial velocity,2000,2000,false,2000s,119.27,13.7,384.5743,405.0,29.9803,105.0746449,-5.3668142
HD 85390 b,HD 85390,hd 85390,Radial Velocity,radial velocity,2009,2009,false,2000s,799.52,6.16,31.46517,,33.5225,147.5105663,-49.7905254
HD 17156 b,HD 17156,hd 17156,Radial Velocity,radial velocity,2007,2007,false,2000s,21.2164294,12.26262489,1036.12060682,888.0,78.0863,42.4366123,71.7530882
HD 203030 b,HD 203030,hd 203030,Imaging,imaging,2006,2006,false,2000s,,14.4595851,3496.112477,1040.0,39.2503,319.7432238,26.2305846
HD 106252 b,HD 106252,hd 106252,Radial Velocity,radial velocity,2002,2002,false,2000s,1535.0,12.5,3178.28407,,38.185,183.3730583,10.0404302
HD 171238 b,HD 171238,hd 171238,Radial Velocity,radial velocity,2009,2009,false,2000s,1515.0,12.5,2796.8899816,,44.8113,278.6818389,-28.0727849
HD 81040 b,HD 81040,hd 81040,Radial Velocity,radial velocity,2005,2005,false,2000s,1002.7,12.6,2301.07766668,,34.4341,140.9455027,20.3646078
HD 181433 d,HD 181433,hd 181433,Radial Velocity,radial velocity,2008,2008,false,2000s,2172.0,13.2,858.1366989,,26.8762,291.2873731,-66.4677838
HD 83443 b,HD 83443,hd 83443,Radial Velocity,radial velocity,2002,2002,false,2000s,2.985628,14.1,127.76701961,,40.8991,144.2994103,-43.272721
iot Dra b,iot Dra,iot dra,Radial Velocity,radial velocity,2002,2002,false,2000s,510.8544,12.4,3756.73177074,,31.32832,231.2323227,58.9661403
HD 125612 c,HD 125612,hd 125612,Radial Velocity,radial velocity,2009,2009,false,2000s,4.15466,4.07,15.57359194,,57.6207,215.2227183,-17.4818147
HD 142 b,HD 142,hd 142,Radial Velocity,radial velocity,2001,2001,false,2000s,351.43394,12.7,2256.5816897,,26.1853,1.5836771,-49.0753625
HD 139357 b,HD 139357,hd 139357,Radial Velocity,radial velocity,2008,2008,false,2000s,1124.79139,12.1,6315.5682755,,112.09,233.8173564,53.9221505
HD 169830 c,HD 169830,hd 169830,Radial Velocity,radial velocity,2003,2003,false,2000s,1818.82339,12.6,2437.42605328,,37.6048,276.9561859,-29.8167919
HD 169830 b,HD 169830,hd 169830,Radial Velocity,radial velocity,2000,2000,false,2000s,225.67372,13.2,804.42369812,345.0,37.6048,276.9561859,-29.8167919
HD 23596 b,HD 23596,hd 23596,Radial Velocity,radial velocity,2003,2003,false,2000s,1535.11912,12.4,3786.607641,,52.0018,57.0018601,40.5307308
HD 30177 b,HD 30177,hd 30177,Radial Velocity,radial velocity,2002,2002,false,2000s,2514.53422,12.6,2670.71210402,,55.5867,70.4770964,-58.0208085
HD 4113 b,HD 4113,hd 4113,Radial Velocity,radial velocity,2007,2007,false,2000s,526.5239,13.5,541.26177712,,41.8727,10.8027515,-37.9831248
HD 74156 c,HD 74156,hd 74156,Radial Velocity,radial velocity,2003,2003,false,2000s,2448.48726,12.5,2753.98314665,,57.603,130.6047813,4.5772338
HD 74156 b,HD 74156,hd 74156,Radial Velocity,radial velocity,2003,2003,false,2000s,51.63564,13.5,532.36258173,,57.603,130.6047813,4.5772338
HD 86264 b,HD 86264,hd 86264,Radial Velocity,radial velocity,2009,2009,false,2000s,1488.79123,12.5,3117.26101586,,67.8107,149.2409308,-15.8953993
14 Her b,14 Her,14 her,Radial Velocity,radial velocity,2002,2002,false,2000s,1765.0389,12.6,2559.47216157,,17.9323,242.6021014,43.8163621
bet Pic b,bet Pic,bet pic,Imaging,imaging,2008,2008,false,2000s,8617.50952,18.49485,3727.8093857,1612.0,19.7442,86.8212337,-51.066148
HD 215497 b,HD 215497,hd 215497,Radial Velocity,radial velocity,2009,2009,false,2000s,3.93404,,1588.82420659,,40.5468,341.652714,-56.5997984
MOA-2007-BLG-400L b,MOA-2007-BLG-400L,moa-2007-blg-400l,Microlensing,microlensing,2008,2008,false,2000s,,13.5,540.3082919,34.0,6890.0,272.4249167,-29.2241528
TrES-2 b,TrES-2,tres-2,Transit,transit,2006,2006,false,2000s,2.47063,15.24424,473.5667,1466.0,215.32,286.8085258,49.3164211
HD 45364 b,HD 45364,hd 45364,Radial Velocity,radial velocity,2008,2008,false,2000s,225.79,9.03,60.16491745,,34.354,96.4105736,-31.4810037
HD 45364 c,HD 45364,hd 45364,Radial Velocity,radial velocity,2008,2008,false,2000s,345.43,14.2,174.48779544,,34.354,96.4105736,-31.4810037
TrES-4 b,TrES-4,tres-4,Transit,transit,2007,2007,false,2000s,3.55395,18.04649,247.9074,1778.0,515.98,268.3043361,37.2117397
HAT-P-3 b,HAT-P-3,hat-p-3,Transit,transit,2007,2007,false,2000s,2.8997,10.53646,206.5895,1189.0,134.554,206.0940142,48.028565
18 Del b,18 Del,18 del,Radial Velocity,radial velocity,2008,2008,false,2000s,982.85,12.5,2926.24614325,,76.222,314.6078375,10.8391378
6 Lyn b,6 Lyn,6 lyn,Radial Velocity,radial velocity,2008,2008,false,2000s,919.86,13.4,597.83523357,,54.6599,97.6960311,58.1611753
81 Cet b,81 Cet,81 cet,Radial Velocity,radial velocity,2008,2008,false,2000s,1005.57,13.1,1051.05854195,,101.26,39.4243555,-3.3963607
HD 104985 b,HD 104985,hd 104985,Radial Velocity,radial velocity,2003,2003,false,2000s,199.68,12.8,1766.80811451,,100.576,181.3157854,76.9053359
HD 167042 b,HD 167042,hd 167042,Radial Velocity,radial velocity,2007,2007,false,2000s,417.67,13.6,444.00628458,,49.6633,272.6326268,54.2876184
HD 81688 b,HD 81688,hd 81688,Radial Velocity,radial velocity,2007,2007,false,2000s,183.93,13.5,525.68818518,,85.7183,142.1665753,45.6009241
kap CrB b,kap CrB,kap crb,Radial Velocity,radial velocity,2007,2007,false,2000s,1253.68,13.4,591.1638,,30.0651,237.8080012,35.6558818
HD 100777 b,HD 100777,hd 100777,Radial Velocity,radial velocity,2007,2007,false,2000s,383.0,13.7,390.92894061,,49.5336,173.9646303,-4.7555425
BD-17 63 b,BD-17 63,bd-17 63,Radial Velocity,radial velocity,2008,2008,false,2000s,655.57,12.8,1639.99458012,,34.4603,7.1413494,-16.2273254
XO-2 N b,XO-2 N,xo-2 n,Transit,transit,2007,2007,false,2000s,2.61586178,11.130537,179.89178,1328.0,154.273,117.0267691,50.2251472
GJ 581 e,GJ 581,gj 581,Radial Velocity,radial velocity,2009,2009,false,2000s,3.1481,1.38,2.48,,6.2981,229.8564725,-7.7226935
GJ 317 b,GJ 317,gj 317,Radial Velocity,radial velocity,2007,2007,false,2000s,695.69,13.3,794.5,,15.1968,130.2445254,-23.452809
SWEEPS-4 b,SWEEPS-4,sweeps-4,Transit,transit,2006,2006,false,2000s,4.2,9.079,1207.7,,8500.0,269.7246667,-29.1890556
eps Tau b,eps Tau,eps tau,Radial Velocity,radial velocity,2006,2006,false,2000s,585.82,12.7,2285.18624633,,47.52852,67.1546573,19.1802782
HD 109749 b,HD 109749,hd 109749,Radial Velocity,radial velocity,2005,2005,false,2000s,5.239891,11.1,85.8141,,63.0821,189.3173489,-40.8121458
gam Cep b,gam Cep,gam cep,Radial Velocity,radial velocity,2003,2003,false,2000s,913.0,12.7,2097.6674862,,14.1024,354.8358233,77.6331009
HD 111232 b,HD 111232,hd 111232,Radial Velocity,radial velocity,2003,2003,false,2000s,1169.13202,12.6,2531.50326176,,28.9571,192.2159553,-68.4246679
4 UMa b,4 UMa,4 uma,Radial Velocity,radial velocity,2006,2006,false,2000s,270.27,12.6,2511.48007211,,73.4603,130.0528099,64.3280504
Kepler-7 b,Kepler-7,kepler-7,Transit,transit,2009,2009,false,2000s,4.8854892,18.180998,140.16303,1630.0,922.562,288.5814928,41.0897335
HD 117618 b,HD 117618,hd 117618,Radial Velocity,radial velocity,2004,2004,false,2000s,25.8,8.59,55.30242,,37.7781,203.1066418,-47.2719049
HD 125612 d,HD 125612,hd 125612,Radial Velocity,radial velocity,2009,2009,false,2000s,2822.72698,12.7,2281.37230545,,57.6207,215.2227183,-17.4818147
AB Pic b,AB Pic,ab pic,Imaging,imaging,2005,2005,false,2000s,,12.3,4290.5,,50.0475,94.8039208,-58.0541184
GJ 581 b,GJ 581,gj 581,Radial Velocity,radial velocity,2005,2005,false,2000s,5.3686,4.79,20.5,,6.2981,229.8564725,-7.7226935
HD 11977 b,HD 11977,hd 11977,Radial Velocity,radial velocity,2005,2005,false,2000s,711.0,12.7,2080.0,,67.9331,28.7347403,-67.6469871
BD-10 3166 b,BD-10 3166,bd-10 3166,Radial Velocity,radial velocity,2000,2000,false,2000s,3.48777,14.1,187.5197,,84.4069,164.6191243,-10.7704227
GJ 581 c,GJ 581,gj 581,Radial Velocity,radial velocity,2007,2007,false,2000s,12.9211,2.5,6.81,,6.2981,229.8564725,-7.7226935
BD+14 4559 b,BD+14 4559,bd+14 4559,Radial Velocity,radial velocity,2009,2009,false,2000s,268.94,13.8,330.5432,,49.352,318.4010002,14.6893834
GJ 876 c,GJ 876,gj 876,Radial Velocity,radial velocity,2000,2000,false,2000s,30.0881,14.0,226.9846,,4.67517,343.3239737,-14.2665958
HD 101930 b,HD 101930,hd 101930,Radial Velocity,radial velocity,2005,2005,false,2000s,70.46,10.6,79.4575,,30.0274,175.875608,-58.0053798
BD+20 2457 c,BD+20 2457,bd+20 2457,Radial Velocity,radial velocity,2009,2009,false,2000s,621.99,12.4,3963.17,,1539.71,154.186782,19.8912626
CoRoT-7 c,CoRoT-7,corot-7,Radial Velocity,radial velocity,2009,2009,false,2000s,3.698,2.83,8.4,,159.906,100.9561682,-1.0630076
HD 108147 b,HD 108147,hd 108147,Radial Velocity,radial velocity,2002,2002,false,2000s,10.8985,10.9,82.95,890.0,38.92,186.4409852,-64.0223492
HD 108874 b,HD 108874,hd 108874,Radial Velocity,radial velocity,2002,2002,false,2000s,394.48123,13.6,451.3186,,59.5175,187.6126029,22.8794399
CT Cha b,CT Cha,ct cha,Imaging,imaging,2007,2007,false,2000s,,24.66,5403.0,2600.0,190.72,166.0375038,-76.4553693
Kepler-6 b,Kepler-6,kepler-6,Transit,transit,2009,2009,false,2000s,3.2346996,14.616536,212.31044,1460.0,587.039,296.8372475,48.2399695
HD 136418 b,HD 136418,hd 136418,Radial Velocity,radial velocity,2009,2009,false,2000s,464.29999,13.3,680.1562,,105.168,229.7756438,41.732423
HD 164604 b,HD 164604,hd 164604,Radial Velocity,radial velocity,2009,2009,false,2000s,641.472,12.3,4544.9462201,,39.3633,270.7787177,-28.5608343
HD 192699 b,HD 192699,hd 192699,Radial Velocity,radial velocity,2007,2007,false,2000s,340.94,13.4,666.17168,,71.8627,304.0248392,4.5805708
HD 145377 b,HD 145377,hd 145377,Radial Velocity,radial velocity,2008,2008,false,2000s,103.95,12.8,1913.3366,,53.4884,242.9019658,-27.0781199
HD 196050 b,HD 196050,hd 196050,Radial Velocity,radial velocity,2002,2002,false,2000s,1392.0,12.9,1493.7935129,,50.6742,309.4637796,-60.6347649
HD 147018 b,HD 147018,hd 147018,Radial Velocity,radial velocity,2009,2009,false,2000s,44.236,13.4,674.0,,40.4256,245.7490012,-61.6901291
HD 196885 A b,HD 196885 A,hd 196885 a,Radial Velocity,radial velocity,2007,2007,false,2000s,1333.0,13.2,819.97,,34.1692,309.9664609,11.2500236
HD 149143 b,HD 149143,hd 149143,Radial Velocity,radial velocity,2005,2005,false,2000s,4.07182,13.6,422.7139,,73.2801,248.2126715,2.0844547
HD 126614 b,HD 126614,hd 126614,Radial Velocity,radial velocity,2009,2009,false,2000s,1257.25303,12.7,107.74382997,,73.0961,216.7005171,-5.1784093
HD 128311 c,HD 128311,hd 128311,Radial Velocity,radial velocity,2005,2005,false,2000s,921.538,13.0,1204.25787,,16.3292,219.0032292,9.7454368
HD 154672 b,HD 154672,hd 154672,Radial Velocity,radial velocity,2008,2008,false,2000s,163.94,12.8,1706.7471,,63.0484,257.520697,-56.4498041
HD 178911 B b,HD 178911 B,hd 178911 b,Radial Velocity,radial velocity,2001,2001,false,2000s,71.484,12.6,2552.1749,,40.9727,287.2632091,34.6006972
HD 155358 b,HD 155358,hd 155358,Radial Velocity,radial velocity,2007,2007,false,2000s,194.3,13.8,314.6517,,43.6197,257.3930947,33.3549277
HD 13189 b,HD 13189,hd 13189,Radial Velocity,radial velocity,2005,2005,false,2000s,471.60001,12.4,3480.2385,,497.823,32.4173964,32.3164548
HD 187085 b,HD 187085,hd 187085,Radial Velocity,radial velocity,2006,2006,false,2000s,1019.74,13.9,265.70588,,45.8993,297.3915731,-37.7809929
HD 206610 b,HD 206610,hd 206610,Radial Velocity,radial velocity,2009,2009,false,2000s,673.2,13.4,647.10188,,147.192,325.8537599,-7.4082451
HD 63454 b,HD 63454,hd 63454,Radial Velocity,radial velocity,2005,2005,false,2000s,2.81805,12.31,79.4575,,37.6894,114.8406393,-78.2791464
HD 62509 b,HD 62509,hd 62509,Radial Velocity,radial velocity,2006,2006,false,2000s,589.64,13.3,731.0,,10.34,116.328824,28.026127
HD 285968 b,HD 285968,hd 285968,Radial Velocity,radial velocity,2008,2008,false,2000s,8.7836,2.83,8.4,450.0,9.47045,70.7353853,18.953358
HD 63765 b,HD 63765,hd 63765,Radial Velocity,radial velocity,2009,2009,false,2000s,358.0,14.2,168.4499,,32.5376,116.9582617,-54.265345
HD 70642 b,HD 70642,hd 70642,Radial Velocity,radial velocity,2003,2003,false,2000s,2124.54,13.0,1239.5307873,,29.276,125.3661079,-39.7044432
HD 30562 b,HD 30562,hd 30562,Radial Velocity,radial velocity,2009,2009,false,2000s,1157.0,13.6,467.20775829,,26.1597,72.1529519,-5.6751152
HD 73267 b,HD 73267,hd 73267,Radial Velocity,radial velocity,2008,2008,false,2000s,1257.99159,13.0,1321.53051631,,50.4093,129.0735123,-34.4594469
HD 210702 b,HD 210702,hd 210702,Radial Velocity,radial velocity,2007,2007,false,2000s,355.5,13.6,481.5100366,,54.1963,332.9638643,16.0404806
HD 212771 b,HD 212771,hd 212771,Radial Velocity,radial velocity,2009,2009,false,2000s,380.7,13.3,759.6137,,111.155,336.762413,-17.2641046
HD 32518 b,HD 32518,hd 32518,Radial Velocity,radial velocity,2009,2009,false,2000s,157.35,13.2,905.49313154,,122.115,77.4037569,69.6391355
HD 216435 b,HD 216435,hd 216435,Radial Velocity,radial velocity,2002,2002,false,2000s,1311.0,13.7,400.4,,32.9834,343.4094703,-48.5986332
HD 216437 b,HD 216437,hd 216437,Radial Velocity,radial velocity,2002,2002,false,2000s,1359.0,13.0,1334.8793094,,26.6902,343.6639631,-70.0733957
HD 8574 b,HD 8574,hd 8574,Radial Velocity,radial velocity,2002,2002,false,2000s,227.0,13.4,645.1949,,44.8264,21.3033807,28.5660169
HD 86081 b,HD 86081,hd 86081,Radial Velocity,radial velocity,2006,2006,false,2000s,2.1378431,13.6,470.3884,,103.936,149.0243714,-3.8083543
HD 37124 d,HD 37124,hd 37124,Radial Velocity,radial velocity,2005,2005,false,2000s,1862.0,14.0,221.20968,,31.6634,84.2599947,20.7289784
HD 9446 c,HD 9446,hd 9446,Radial Velocity,radial velocity,2009,2009,false,2000s,192.9,13.4,578.426,,50.3503,23.3350424,29.2649187
HD 8673 b,HD 8673,hd 8673,Radial Velocity,radial velocity,2009,2009,false,2000s,1644.69097,12.3,4210.59073594,,37.8619,21.5378455,34.5793389
HD 219828 b,HD 219828,hd 219828,Radial Velocity,radial velocity,2007,2007,false,2000s,3.83483,4.59,19.06970442,,73.114,349.6947029,18.6457524
HD 38529 b,HD 38529,hd 38529,Radial Velocity,radial velocity,2000,2000,false,2000s,14.3099,14.1,206.58846455,,42.3538,86.6451363,1.1675866
HD 99492 b,HD 99492,hd 99492,Radial Velocity,radial velocity,2004,2004,false,2000s,17.0503,5.44,25.5,,18.2038,171.689687,3.0071331
HIP 14810 d,HIP 14810,hip 14810,Radial Velocity,radial velocity,2009,2009,false,2000s,981.8,14.1,187.5197,,50.48,47.809275,21.0971302
HD 40307 b,HD 40307,hd 40307,Radial Velocity,radial velocity,2009,2009,false,2000s,4.3123,,1188.99607059,910.0,12.9363,88.5172191,-60.0237289
HD 40979 b,HD 40979,hd 40979,Radial Velocity,radial velocity,2002,2002,false,2000s,264.14999,12.9,1484.2661,,34.0883,91.1253346,44.2597855
xi Aql b,xi Aql,xi aql,Radial Velocity,radial velocity,2007,2007,false,2000s,136.97,13.4,616.90493799,,56.1858,298.5624491,8.4611051
OGLE-TR-132 b,OGLE-TR-132,ogle-tr-132,Transit,transit,2004,2004,false,2000s,1.689868,13.45,375.02,2013.0,2012.62,162.6440933,-61.9572476
HD 23079 b,HD 23079,hd 23079,Radial Velocity,radial velocity,2001,2001,false,2000s,735.74,13.2,845.42356262,,33.4591,54.9281897,-52.9162344
HD 4203 b,HD 4203,hd 4203,Radial Velocity,radial velocity,2001,2001,false,2000s,431.88,13.3,708.7609,,81.3795,11.1722288,20.4483925
HD 43691 b,HD 43691,hd 43691,Radial Velocity,radial velocity,2007,2007,false,2000s,36.9987,13.2,810.4665,,85.6009,94.8946124,41.0920773
HD 41004 B b,HD 41004 B,hd 41004 b,Radial Velocity,radial velocity,2003,2003,false,2000s,1.3283,12.1,5838.29,,41.5504,89.9565956,-48.2394114
HD 231701 b,HD 231701,hd 231701,Radial Velocity,radial velocity,2007,2007,false,2000s,141.63,13.7,359.1479,,108.877,293.017622,16.4743566
HD 5319 b,HD 5319,hd 5319,Radial Velocity,radial velocity,2007,2007,false,2000s,637.1,13.5,494.54348,,121.405,13.7558096,0.7893425
LP 261-75 b,LP 261-75 A,lp 261-75 a,Imaging,imaging,2006,2006,false,2000s,,12.1,6674.396547,1500.0,33.928,147.7685281,35.9685562
WASP-12 b,WASP-12,wasp-12,Transit,transit,2008,2008,false,2000s,1.091418901,22.02564708,467.2101,2601.0,427.246,97.636645,29.6722662
CoRoT-4 b,CoRoT-4,corot-4,Transit,transit,2008,2008,false,2000s,9.20205,13.34,228.83,1074.0,726.412,102.1946233,-0.6727861
OGLE-2006-BLG-109L c,OGLE-2006-BLG-109L,ogle-2006-blg-109l,Microlensing,microlensing,2008,2008,false,2000s,4927.5,11.1,86.0,59.0,1510.0,268.143792,-30.0877778
HD 86226 b,HD 86226,hd 86226,Radial Velocity,radial velocity,2009,2009,false,2000s,1628.0,14.3,143.0235,176.0,45.683,149.1235154,-24.0991859
OGLE-TR-113 b,OGLE-TR-113,ogle-tr-113,Transit,transit,2004,2004,false,2000s,1.4324752,12.251,400.449,1342.0,566.459,163.1010355,-61.4468591
